"","Date","^GSPC","QCOM","ACN","CRM","MSFT","VZ","TXN","NKE","LULU","RL","HSY","UAA","F","RY","WFC","AMX","GS","V","BAC","CVS","SNY","CI","DVA","SYK","BIIB","COST","NFLX","SBUX","TJX","DAL","WMT","SPY"
"1","2010-01-01",1073.869995,31.97053,34.152557,15.8875,22.791016,18.217033,18.315624,12.05785,14.12,73.547859,29.93034,3.175,8.644608,33.850983,23.299217,18.722519,133.571259,17.092144,14.155008,28.345633,27.13129,33.592033,29.879999,46.17556,53.740002,45.367744,8.892858,8.937081,16.663525,11.451265,43.284218,90.92775
"2","2010-02-01",1104.48999,29.922916,33.302708,16.987499,23.187311,18.189943,19.947729,12.786052,14.325,71.691269,32.666214,3.2575,9.362334,37.655548,22.405935,19.117125,140.424026,17.769325,15.535079,29.630424,26.976505,34.079449,30.805,47.225018,55.009998,48.164227,9.435715,9.396443,18.250532,12.097329,43.802677,93.764198
"3","2010-03-01",1169.430054,34.381916,34.952423,18.612499,23.799515,19.504042,20.021362,13.901991,20.74,76.274536,35.457581,3.67625,10.024238,40.651268,25.548124,21.592014,153.593033,19.081999,16.64473,32.097435,27.536671,36.38723,31.700001,50.889172,57.389999,47.313808,10.534286,9.954243,18.759844,13.660994,45.042164,99.064621
"4","2010-04-01",1186.689941,31.694284,36.360519,21.4,24.815191,18.171072,21.281395,14.590801,18.809999,80.727821,38.936237,4.21875,10.3831,42.163078,27.181826,22.080988,130.702179,18.91431,16.636187,32.413494,25.141218,31.927748,31.215,51.218037,53.290001,46.814587,14.128572,10.655591,20.445234,11.310817,43.698856,101.011406
"5","2010-05-01",1089.410034,29.137774,31.535769,21.6325,20.963724,17.588903,20.071209,13.91229,20.43,77.997978,38.762302,4.21125,9.35436,36.96312,23.553202,20.305244,129.856033,15.189297,14.68612,30.474695,22.045553,33.331924,31.715,47.285725,47.43,46.156898,15.878572,10.707021,20.05698,12.715306,41.189678,92.985573
"6","2010-06-01",1030.709961,27.053347,32.485538,21.455,18.781084,17.908472,19.13422,12.983908,18.610001,65.516129,39.972542,4.14125,8.038528,33.563885,21.048401,20.373869,118.458542,14.919478,13.407851,25.801849,22.959293,30.931868,31.219999,44.637436,47.450001,43.596184,15.521428,10.049461,18.630503,11.001828,39.388264,87.756905
"7","2010-07-01",1101.599976,31.370024,33.317638,24.737499,21.066483,19.803162,20.293123,14.36703,20.74,71.04567,39.196945,4.695,10.183731,36.710274,22.799698,21.278898,136.100555,15.467757,13.108436,27.007465,22.256617,30.633106,28.66,41.650177,55.880001,45.090992,14.65,10.27692,18.439535,11.123552,41.944786,94.196777
"8","2010-08-01",1049.329956,31.55126,30.762495,27.469999,19.156538,20.489185,19.009703,13.656873,16.434999,68.105301,38.75494,4.48375,9.00347,33.907024,19.362883,20.210268,123.566185,14.54623,11.633268,23.811708,21.85181,32.087086,32.310001,38.627251,53.799999,44.924015,17.931429,9.503566,17.626814,9.793967,41.084427,89.959763
"9","2010-09-01",1141.199951,37.364391,35.713078,27.950001,20.095709,22.61235,22.411966,15.635167,22.360001,80.801979,39.956806,5.63,9.761067,36.970791,20.690529,23.114168,130.79715,15.764376,12.230803,27.774452,25.395761,35.632397,34.514999,44.762543,56.119999,51.463543,23.165714,10.678134,19.960043,10.898833,44.109489,97.494156
"10","2010-10-01",1183.26001,37.389233,37.578995,29.0175,21.884548,22.53602,24.418634,16.130318,22.16,87.210106,41.552078,5.835,11.268295,37.857288,21.464781,24.817492,145.769485,16.592291,10.69887,26.591799,26.816397,35.014961,35.875,44.397209,62.709999,50.090977,24.795713,11.936107,20.52356,13.005565,44.645199,101.760506
"11","2010-11-01",1180.550049,38.76358,36.772556,34.805,20.727547,22.537201,26.376614,17.059231,26.809999,98.336395,39.293526,7.21625,12.71172,38.346333,22.411995,24.470757,141.255142,15.677332,10.23167,27.438227,23.310635,36.65815,36.349998,44.935459,63.970001,54.127583,29.414286,12.788685,20.398329,12.808939,44.579269,101.760506
"12","2010-12-01",1257.640015,41.137127,41.161148,33,23.04277,25.191538,26.957237,16.91861,34.209999,99.848717,39.861588,6.855,13.389572,37.466202,25.574699,25.079386,152.464279,15.061207,12.464885,30.775072,24.616701,36.50877,34.744999,48.173965,67.050003,57.81028,25.1,13.542476,19.979998,11.797707,44.447395,107.995468
"13","2011-01-01",1286.119995,44.993992,43.69075,32.285,22.894161,25.07889,28.126764,16.570757,34.34,96.568008,39.472691,7.4825,12.719694,38.425041,26.754808,24.926308,148.348022,14.94779,12.841026,30.270559,26.281748,41.846661,36.924999,51.809277,65.470001,57.514072,30.582857,13.289581,21.330299,10.926925,46.466259,111.092964
"14","2011-02-01",1327.219971,49.524151,43.699242,33.067501,21.94471,26.334982,29.649143,17.886694,38.794998,114.16433,44.232414,8.27875,12.00197,42.29948,26.622768,25.114378,148.493103,15.632586,13.364768,29.366005,26.411592,41.896454,39.685001,56.939804,68.400002,59.875786,29.524286,13.900742,22.446554,10.524302,43.076813,114.952065
"15","2011-03-01",1325.829956,45.725006,46.661755,33.395,21.08613,27.490528,28.77491,15.208611,44.525002,111.407303,46.258984,8.50625,11.890324,44.754978,26.208071,25.411793,144.102036,15.88236,12.466928,30.48521,26.900412,44.097336,42.755001,54.725574,73.470001,58.860241,33.968571,15.699343,22.51922,9.175995,43.134811,114.46859
"16","2011-04-01",1363.609985,47.609718,48.495281,34.650002,21.526291,26.94842,29.582539,16.77409,50.025002,118.013428,49.11879,8.5575,12.33691,45.469955,24.11286,25.018154,137.205856,16.853159,11.49316,32.172909,30.184671,46.679768,44.044998,53.26334,97.650002,64.937302,33.238571,15.380685,24.280727,9.719062,45.88232,118.295448
"17","2011-05-01",1345.199951,48.860634,49.111767,38.064999,20.77055,26.681021,29.497849,17.208113,45.400002,114.40361,47.433548,8.1475,11.898297,42.645542,23.499891,23.049944,127.865578,17.487421,10.997121,34.488129,30.253412,49.72995,42.025002,56.332748,94.730003,66.213753,38.685715,15.631364,24.009035,9.438165,46.082611,116.968803
"18","2011-06-01",1320.640015,47.541054,51.704704,37.244999,21.734264,26.89776,27.43384,18.334946,55.91,119.673935,48.686005,9.66375,10.997153,41.517151,23.338011,23.566051,121.235359,18.314104,10.25774,33.498676,32.115204,51.265015,43.305,52.983475,106.919998,65.409218,37.527142,16.898823,23.958406,8.586109,44.640209,114.428261
"19","2011-07-01",1292.280029,45.858402,50.609337,36.177502,22.904573,25.496157,24.86009,18.651108,60.540001,122.081917,48.334892,9.17625,9.737146,39.114799,23.238201,22.568821,122.947945,18.592312,9.095574,32.402248,30.979935,49.61034,41.77,49.20932,101.870003,63.00185,37.998573,17.155579,25.221771,7.38761,44.278999,112.695145
"20","2011-08-01",1218.890015,43.079117,45.859905,32.1875,22.235828,26.473171,21.99604,17.926994,54.73,123.925774,50.227516,8.8575,8.867901,37.553471,21.707846,22.49164,105.868027,19.100918,7.653021,32.118195,29.237064,46.590061,36.790001,44.228615,94.199997,63.235359,33.572857,16.526522,24.911634,7.050534,44.682228,106.499664
"21","2011-09-01",1131.420044,40.892952,45.081169,28.57,20.9377,26.934282,22.365297,17.691145,48.689999,117.228294,51.045879,8.30125,7.711565,33.599701,20.150005,19.429399,86.38871,18.762598,5.73981,30.043169,26.223013,41.805454,31.334999,42.680069,93.150002,66.335732,16.181429,16.071177,25.490103,7.022444,43.913952,98.596283
"22","2011-10-01",1253.300049,43.390427,51.567783,33.2925,22.401405,27.066019,25.78933,20.22323,56.48,143.714249,49.3139,10.55125,9.314487,35.951389,21.64538,22.368448,100.093971,20.412971,6.405703,32.493858,28.581488,44.197758,35,43.545879,116.360001,67.240372,11.725715,18.256235,27.08007,7.977495,47.992275,109.923546
"23","2011-11-01",1246.959961,46.081295,50.167767,29.605,21.518141,27.999561,25.399908,20.187551,49.700001,128.391617,49.70166,10.16625,8.453218,34.184807,21.603611,20.960518,87.58564,21.225025,5.102053,34.862789,27.98987,44.088112,38.09,44.382065,114.949997,68.896111,9.218572,18.73893,28.352968,7.602965,49.836842,109.476845
"24","2011-12-01",1257.599976,46.175545,46.09753,25.365,22.002237,29.773191,24.564491,20.22743,46.66,124.97052,53.562943,8.97375,8.58081,37.879047,23.135883,19.988575,82.94413,22.429525,5.224885,36.604141,29.213079,41.865261,37.904999,45.181908,110.050003,67.489349,9.898571,19.985008,29.849865,7.574877,50.564507,109.923546
"25","2012-01-01",1312.410034,49.653484,49.656815,29.200001,25.027969,27.947609,27.323889,22.158573,63.130001,137.764816,52.956039,9.9525,9.904616,38.92712,24.521017,20.528091,102.242416,22.232916,6.700256,37.474815,29.684772,44.686188,40.904999,50.595856,117.949997,66.638847,17.171429,20.814638,31.509987,9.878239,52.242714,115.750694
"26","2012-02-01",1365.680054,52.489853,51.562027,35.790001,26.901041,28.649429,28.291042,22.995993,67.019997,157.459732,52.626595,11.155,9.911464,42.207909,26.267122,21.173738,105.608612,25.707907,7.489626,40.634979,29.604822,43.968502,43.275002,48.961971,116.470001,69.708748,15.818571,21.092632,33.859131,9.185357,50.301487,120.774895
"27","2012-03-01",1408.469971,57.651264,55.857426,38.627499,27.521761,28.739637,28.511604,23.106796,74.730003,158.003601,53.507893,11.75,9.991524,43.58181,28.777845,21.960897,114.419083,26.268597,9.004277,40.36467,30.979935,49.092003,45.084999,50.641499,126,73.7575,16.434286,24.448538,36.82814,9.288354,52.106491,124.115547
"28","2012-04-01",1397.910034,54.06818,56.247124,38.932499,27.317019,30.355919,27.094933,24.160048,74.139999,156.314011,58.463444,12.24125,9.030799,43.401627,28.253986,23.570599,105.93679,27.377218,7.630585,40.202507,30.524229,46.124027,44.290001,50.002865,134.009995,71.629257,11.448571,25.095945,38.682995,10.262131,50.492039,123.827286
"29","2012-05-01",1310.329956,48.545315,49.983234,34.654999,24.902668,31.716208,24.288944,23.363131,72.639999,135.017853,58.332581,12.59125,8.490964,37.723644,27.095751,20.837648,88.042976,25.645269,6.915512,40.642296,27.206375,43.809345,40.625,47.144001,130.75,70.175217,9.062857,24.011099,39.378555,11.329542,56.414635,116.390739
"30","2012-06-01",1362.160034,47.367416,52.600574,34.564999,26.26829,33.848896,24.46804,19.212164,59.630001,127.087296,63.196877,11.81,7.711019,38.838303,28.454525,23.048775,88.611732,27.731192,7.706806,42.261124,31.617378,43.899143,49.105,50.48851,144.380005,77.424545,9.784286,23.467926,39.925117,10.252769,60.162327,120.489708
"31","2012-07-01",1379.319946,50.770241,52.784393,31.09,25.306522,34.382076,23.231424,20.431259,56.48,131.343552,62.942436,13.61,7.429594,38.770058,28.769361,23.60598,93.270622,28.951426,6.915398,40.922649,34.01086,40.187668,49.209999,47.864433,145.830002,78.38623,8.121428,19.929249,41.180622,9.035542,64.226646,122.546745
"32","2012-08-01",1406.579956,52.284504,53.922371,36.294998,26.465792,33.074776,24.92317,21.308914,65.190002,144.365051,63.01263,14.5525,7.510002,42.953583,28.956564,22.760216,97.726181,28.767494,7.527796,41.332134,34.270298,45.665081,48.634998,48.995956,146.589996,79.763588,8.531428,21.835028,42.58493,8.099218,62.647511,125.616859
"33","2012-09-01",1440.670044,53.143719,61.301685,38.172501,25.724844,35.100559,23.652979,21.080273,73.940002,137.613174,62.524502,13.9575,7.971251,44.027225,29.573597,22.61791,105.546173,30.325523,8.319204,43.936375,36.036114,47.061874,51.805,51.203808,149.210007,81.864914,7.777143,22.493341,41.761055,8.576744,64.026993,128.117416
"34","2012-10-01",1412.160034,50.065807,59.008232,36.494999,24.670267,34.384216,24.107845,20.296228,68.839996,140.221893,60.725254,13.065,9.022229,43.735809,28.854176,22.493393,113.632942,31.337282,8.791847,42.103424,36.69725,50.883095,56.259998,48.573185,138.210007,80.45092,11.32,20.359787,38.814751,9.016816,65.085419,126.457375
"35","2012-11-01",1416.180054,54.345448,60.146694,39.4175,23.010597,34.358089,25.663565,21.651089,71.779999,143.323914,64.623672,12.9575,9.30157,45.61832,28.27178,20.981382,109.362083,33.810207,9.30125,42.350754,37.341648,52.150188,54,50.013744,149.089996,84.938126,11.672857,23.007883,41.341492,9.363258,62.482712,127.173119
"36","2012-12-01",1426.189941,52.842026,58.88921,42.025002,23.278118,33.696156,26.900154,22.921547,76.230003,136.782257,64.068199,12.1325,10.520116,46.718483,29.462704,20.71344,118.935242,34.552704,10.952077,44.026218,39.651443,53.337456,55.264999,50.623234,146.369995,80.928696,13.227143,23.987354,39.688,11.114188,59.194607,127.405731
"37","2013-01-01",1498.109985,56.618595,63.662338,43.032501,23.923037,33.96093,28.807293,24.430048,69,152.295853,70.482109,12.7175,10.520116,48.291264,30.022997,22.521618,137.862671,35.995636,10.6893,46.621361,40.739391,58.206268,57.705002,58.131718,156.080002,89.822258,23.605715,25.101068,42.240387,13.005565,61.023155,134.877502
"38","2013-02-01",1514.680054,56.292702,65.84964,42.305,24.228064,36.657295,30.174706,24.615366,67.050003,158.690338,73.93306,12.32,10.319346,48.588608,30.454357,18.699387,139.634232,36.162033,10.604314,46.750366,39.509174,58.325996,59.810001,59.273014,166.339996,88.900681,26.868572,24.533035,42.044029,13.36137,61.747234,136.598389
"39","2013-03-01",1569.189941,57.407578,67.275383,44.7075,25.140427,38.721378,31.094925,26.879675,62.349998,154.88475,78.055595,12.8,10.761252,47.172657,32.112499,18.762043,137.666885,39.043755,11.511725,50.289574,42.74791,62.227028,59.294998,60.53492,192.619995,93.379692,27.040001,25.664482,43.819218,15.458739,65.280403,141.157379
"40","2013-04-01",1597.569946,53.023029,72.119362,41.110001,29.085922,42.471409,31.734709,28.970467,76.129997,166.507126,79.509163,14.27,11.219525,47.250885,32.971962,19.138002,136.65654,38.726528,11.634596,53.206898,44.647629,66.063164,59.325001,61.101307,218.929993,95.421364,30.867144,27.417511,45.712593,16.048626,68.239021,144.509216
"41","2013-05-01",1630.73999,54.64127,73.49382,42.330002,30.667637,38.594604,31.717726,28.086779,77.809998,160.555893,79.464577,15.5,12.831669,46.974617,35.203072,17.822153,151.63472,40.951809,12.910525,52.867352,44.430038,67.790367,62.035,61.855965,237.490005,96.477386,32.32143,28.454006,47.437241,16.863234,65.710327,147.921051
"42","2013-06-01",1606.280029,52.584045,64.408897,38.18,30.564117,40.075329,30.781479,29.201807,65.5,159.317932,79.996017,14.9275,12.752831,46.10487,36.110249,19.469206,141.949844,42.321388,12.154419,52.500076,44.600658,72.372948,60.400002,60.262749,215.199997,97.57618,30.155714,29.72184,47.056435,17.518656,65.795319,145.178894
"43","2013-07-01",1685.72998,55.878975,66.064766,43.75,28.174917,39.390694,34.60598,28.853287,69.57,167.734268,85.00473,16.782499,13.915178,49.267609,38.061451,18.779947,153.944,40.992115,13.809288,56.457325,44.574684,77.704323,58.205002,65.917221,218.130005,103.621185,34.925713,32.344219,48.917633,19.878195,68.842628,153.489197
"44","2013-08-01",1632.969971,57.367718,64.668472,49.130001,29.555346,38.101391,33.983685,28.807434,70.839996,152.394363,82.388374,18.16,13.424972,49.314548,35.944008,17.413158,142.775742,40.392319,13.355282,53.496353,41.370987,78.562943,53.755001,62.577381,213.020004,98.723412,40.558571,31.994862,49.556831,18.473707,64.461586,148.885696
"45","2013-09-01",1681.550049,58.575191,65.912613,51.91,29.65667,37.530437,35.843006,33.532852,73.129997,151.767868,83.305367,19.862499,13.988836,51.279148,36.402039,17.873299,148.968018,44.583443,13.052616,52.298328,43.838703,76.735901,56.900002,63.232239,240.759995,101.899948,44.172855,35.120647,53.153709,22.151279,65.723869,152.852341
"46","2013-10-01",1756.540039,60.463303,65.787277,53.360001,31.554777,40.618431,37.444324,34.973137,69.089996,152.97673,89.375389,20.2875,14.187848,53.651035,37.608967,19.316875,151.463211,45.882908,13.222687,57.37611,46.306412,76.855713,56.209999,69.365227,244.190002,104.403854,46.068573,36.982307,57.301193,24.771112,68.203178,160.709946
"47","2013-11-01",1805.810059,64.022026,70.259842,52.09,33.978642,40.355007,38.535786,36.53344,69.720001,161.833542,87.25898,20.174999,14.243857,53.653683,38.780666,20.96797,159.071182,47.467018,14.97372,61.943008,45.743599,87.308792,59.549999,69.891144,290.970001,110.977768,52.257141,37.169388,59.271248,27.212547,71.988792,165.472992
"48","2013-12-01",1848.359985,64.913452,74.567764,55.189999,33.589855,39.964622,39.351311,36.302628,59.029999,163.071106,88.014671,21.825001,12.867841,54.226364,40.279877,21.258652,167.453217,52.373669,14.737095,66.207596,46.436291,87.338753,63.369999,70.567314,279.570007,105.573608,52.595715,35.999725,60.213989,25.852741,69.927139,168.846466
"49","2014-01-01",1782.589966,64.887238,72.445541,60.529999,33.975948,39.053753,37.998085,33.84119,45.689999,145.269485,89.979004,27.0275,12.475882,49.91116,40.22665,19.339281,155.040161,50.668499,15.864181,62.646069,42.340752,86.170639,64.93,73.17363,312.640015,99.666023,58.475716,32.661057,54.195427,28.807873,66.750015,163.779572
"50","2014-02-01",1859.449951,65.822693,75.592598,62.369999,34.397949,39.116432,40.576046,36.372898,50.310001,149.149155,95.790512,28.2875,12.937357,52.997955,41.184845,17.620029,157.241287,53.140408,15.655814,67.934837,44.886398,79.461487,68.730003,75.663055,340.679993,103.604416,63.66143,32.587566,58.069233,31.254799,66.767883,171.234085
"51","2014-03-01",1872.339966,68.943779,72.300438,57.09,37.080265,39.108212,42.561531,34.521671,52.59,149.010254,94.932564,28.66,13.113888,53.772064,44.428135,18.083954,155.307678,51.137634,16.290382,69.532433,45.267372,83.594803,68.849998,76.822899,305.869995,99.330635,50.290001,33.954926,57.444477,32.673431,68.314186,171.895859
"52","2014-04-01",1883.949951,69.134033,72.753899,51.650002,36.546539,38.417633,41.018269,34.096336,45.93,140.563049,87.51255,24.445,13.576238,54.432098,44.338814,18.265882,151.487747,47.998688,14.347901,67.544716,46.583488,79.951218,69.300003,73.597115,287.119995,102.888321,46.005714,32.677807,55.105019,34.729065,71.705528,173.854416
"53","2014-05-01",1923.569946,70.662331,74.757462,52.630001,37.035034,41.530491,42.675362,35.947227,44.630001,142.52243,88.512802,25.395,13.928025,56.680996,45.357071,17.583643,151.478256,50.893627,14.347901,73.01786,46.150555,89.680412,70.589996,79.977127,319.369995,103.190727,59.689999,33.890152,51.572166,37.633373,69.060783,177.888931
"54","2014-06-01",1960.22998,69.5644,74.197578,58.080002,37.988659,40.67429,43.411148,36.47591,40.48,149.217682,88.982933,29.745001,14.605786,58.830624,47.284107,18.875355,159.251907,50.297085,14.565868,70.267578,47.71413,91.867981,72.32,79.8162,315.309998,102.739464,62.942856,36.070324,50.48848,36.569477,67.9496,180.695572
"55","2014-07-01",1930.670044,65.090935,72.76577,54.25,39.318714,41.912884,42.012249,36.278362,38.470001,145.146164,80.557137,33.375,14.419402,60.790806,45.790737,21.440584,164.416351,50.368694,14.461448,71.190552,46.906483,89.940125,70.440002,75.779541,334.390015,104.862762,60.388573,36.210163,50.621471,35.379456,66.600891,179.121414
"56","2014-08-01",2003.369995,67.192345,74.399506,59.09,41.386684,41.860069,44.04446,36.946266,39.93,157.569153,83.545456,34.18,14.8555,61.758324,46.276524,22.474926,170.351227,50.729137,15.258009,74.336761,49.087139,94.495064,74.68,79.142464,343.040009,108.348419,68.234283,36.27076,56.624989,37.38171,68.338799,186.19014
"57","2014-09-01",1972.290039,66.383247,74.638145,57.529999,42.497692,42.002899,43.596523,42.209671,42.009998,153.406418,87.72039,34.549999,12.619924,59.413376,46.989681,23.107641,175.134598,51.322506,16.168373,74.467728,50.639618,90.589401,73.139999,76.710541,330.809998,112.142593,64.454285,35.412834,56.388214,34.227234,69.672791,182.76712
"58","2014-10-01",2018.050049,69.703758,74.454582,63.990002,43.038551,42.221355,45.397434,43.993652,41.650002,153.916275,88.161606,32.790001,12.02263,59.180561,48.094894,22.383232,181.259583,58.071857,16.322845,80.287437,41.495232,99.459549,78.07,83.46476,321.079987,119.3461,56.110001,35.459766,60.343102,38.090225,69.49057,187.946075
"59","2014-11-01",2067.560059,64.722992,80.311951,59.869999,43.826904,42.982891,50.100063,46.984283,48.189999,172.646896,92.178558,36.244999,13.541539,61.479931,49.354115,21.741352,179.752182,62.103191,16.2087,85.76873,43.334873,102.775864,76.529999,88.594894,307.690002,127.176071,49.512856,38.111263,63.049591,44.187687,79.758812,193.109299
"60","2014-12-01",2058.899902,66.378365,83.084213,59.310001,42.848763,39.745796,49.225479,45.498436,55.790001,172.889679,96.073074,33.950001,13.343538,58.050838,49.990574,20.490265,185.513535,63.556374,17.017233,90.415779,40.929878,102.795853,75.739998,89.948952,339.450012,127.174377,48.80143,38.824898,65.535019,46.672913,78.246361,191.56218
"61","2015-01-01",1994.98999,55.778179,78.172272,56.450001,37.267815,38.836689,49.207077,43.904701,66.239998,156.220474,94.483116,36.040001,12.663448,47.561863,47.346054,19.760448,165.012604,61.789291,14.453037,92.152557,41.360622,106.711502,75.059998,87.135605,389.160004,128.28688,63.114285,41.417965,63.01223,44.889122,77.858925,186.912216
"62","2015-02-01",2104.5,64.753067,83.754028,69.379997,40.450336,42.511368,54.47015,46.222488,68.440002,128.625168,95.93441,38.505001,14.210212,53.272625,49.963223,19.751209,181.646881,65.764595,15.082679,97.860008,43.84639,121.495079,74.599998,90.676514,409.589996,131.848663,67.844284,44.238148,65.592354,42.241886,76.896912,197.417526
"63","2015-03-01",2067.889893,61.92218,87.158897,66.809998,37.774593,41.806423,52.978706,48.028023,64.019997,123.093002,93.749084,40.375,14.036279,51.349983,49.934563,18.901299,180.469742,63.884277,14.682,97.238174,44.366875,129.296432,81.279999,88.284004,422.23999,140.762085,59.527142,45.139019,67.113747,42.745319,75.357689,193.453461
"64","2015-04-01",2085.51001,61.079323,86.191391,72.82,45.188286,43.362446,50.21814,47.314747,63.639999,125.349548,85.397049,38.775002,13.740595,56.556438,50.577099,19.29854,188.582611,64.509331,15.244678,93.544998,45.362972,124.542572,81.099998,88.608444,373.929993,132.911011,79.5,47.264893,61.834698,42.441074,71.939156,196.227859
"65","2015-05-01",2107.389893,62.588341,91.295952,72.75,43.534607,42.982574,52.121174,48.669476,59.790001,122.521416,86.270355,39.205002,13.317093,54.766575,51.366505,19.40016,197.962753,67.077988,15.790157,96.79026,44.339954,140.719925,83.779999,92.345276,396.98999,132.846039,89.151428,49.53376,61.681408,40.805801,68.455101,198.750595
"66","2015-06-01",2063.110107,56.255856,91.999397,69.629997,41.283489,40.522209,48.010765,51.99234,65.300003,124.362991,82.993309,41.720001,13.176634,52.63203,51.973305,19.686543,201.084213,65.698463,16.287785,99.15377,45.921234,161.873367,79.470001,91.80732,403.940002,125.830589,93.848572,51.278881,63.596188,39.136677,65.789207,193.80864
"67","2015-07-01",2103.840088,58.2379,98.016716,73.300003,43.667923,40.678703,46.584702,55.457855,62.860001,118.709221,86.786552,49.665001,13.01862,50.222054,53.479645,17.903578,197.501526,73.711418,17.162109,106.329376,50.056282,143.947372,79.029999,98.596207,318.779999,135.37085,114.309998,55.400688,67.104218,42.242458,66.7631,199.065002
"68","2015-08-01",1972.180054,51.174107,89.61338,69.360001,40.694393,40.47168,44.162895,108.412857,64.010002,104.847694,84.310677,47.764999,12.300291,48.457203,49.930973,17.038826,182.226883,69.758766,15.779929,97.115463,45.355679,140.679932,76.650002,95.106262,304.48999,130.479645,115.029999,53.507141,67.58477,41.70895,60.038567,188.385773
"69","2015-09-01",1920.030029,49.005856,93.406288,69.43,41.65926,38.272602,46.471447,59.188095,50.650002,111.420128,86.392815,48.389999,12.034243,48.143227,47.764069,15.409429,167.923935,68.265869,14.954454,91.500969,44.01133,134.914444,72.330002,90.719704,291.809998,135.06105,103.260002,54.508167,68.848022,42.872261,60.551239,181.225281
"70","2015-10-01",2079.360107,54.19556,101.904686,77.709999,49.546844,41.236954,53.228199,63.388206,49.169998,104.927094,83.393326,47.540001,13.133908,49.56485,50.359234,16.911825,181.202454,76.027374,16.158129,93.682266,46.672222,133.935211,77.510002,92.514488,290.51001,147.719803,108.379997,60.003086,70.554283,48.576454,53.453938,198.616776
"71","2015-11-01",2080.409912,44.500198,103.018784,79.690002,51.156357,40.498413,54.899117,63.992912,47.82,117.658157,81.155472,43.110001,12.837556,50.281372,51.252193,15.373525,183.637802,77.428757,16.78404,89.537056,40.998127,134.874481,73.040001,93.327194,286.859985,150.802765,123.330002,58.871502,68.057556,44.391468,54.948112,198.426651
"72","2015-12-01",2043.939941,46.04483,100.405365,78.400002,52.571945,41.184525,51.772549,60.471085,52.470001,105.599655,84.521217,40.305,12.62255,47.389198,50.911442,13.474483,174.773041,76.134552,16.206276,93.038971,39.542519,146.215622,69.709999,89.921524,306.350006,151.267456,114.379997,57.753681,68.553795,48.561676,57.245396,193.843674
"73","2016-01-01",1940.23999,41.761795,101.404625,68.059998,52.202389,44.525974,49.996727,60.288567,62.07,107.049744,83.422935,42.715,10.696467,45.319569,47.043442,13.551151,156.66835,73.130402,13.654302,91.916077,38.606106,133.495575,67.120003,96.319427,273.059998,141.545105,91.839996,58.465626,68.872826,42.430401,62.48978,185.288651
"74","2016-02-01",1932.22998,46.781693,96.331512,67.75,48.213066,45.759178,50.460175,59.880234,62.73,86.362976,86.055046,41.845001,11.345922,45.85532,43.943424,12.995304,145.002594,71.068718,12.089948,92.883278,36.668381,139.500854,65.970001,97.02858,259.420013,140.52417,93.410004,56.002701,71.637787,46.21455,62.470947,185.135605
"75","2016-03-01",2059.73999,47.546188,110.878273,73.830002,52.710804,48.780922,54.647739,59.763561,67.709999,91.596535,87.757484,42.415001,12.2438,51.784031,45.642597,14.883265,152.888412,75.386673,13.055598,99.1539,37.233936,137.132721,73.379997,104.227036,260.320007,147.995972,102.230003,57.623901,75.981148,46.783985,64.495552,196.575104
"76","2016-04-01",2065.300049,46.969753,108.495453,75.800003,47.595295,45.948597,54.286091,57.45153,65.550003,89.156235,88.729492,43.939999,12.298218,55.886456,47.171566,13.570318,159.832596,76.135803,14.113377,96.066383,38.10545,138.471283,73.900002,106.282356,274.98999,139.120728,90.029999,54.27457,73.527641,40.047009,63.436207,198.367706
"77","2016-05-01",2096.949951,51.060547,115.418282,83.709999,50.582531,46.397163,58.042297,53.825481,65.029999,90.227516,88.48172,37.73,12.369673,54.882473,47.869984,11.739857,155.323273,77.811508,14.336319,92.575333,38.198162,128.046463,77.32,108.378571,289.730011,140.13504,102.57,52.981171,73.818581,41.767296,67.145424,201.742233
"78","2016-06-01",2098.860107,50.283539,109.907845,79.410004,49.177578,50.90015,60.005775,53.805984,73.860001,85.722351,108.8498,40.130001,11.526078,53.861576,45.012566,11.749441,145.300537,73.239143,12.862947,91.893852,40.467693,127.926514,77.32,116.831619,241.820007,147.925018,91.480003,55.32653,75.146217,35.123901,69.77758,201.396149
"79","2016-07-01",2173.600098,58.740788,109.442177,81.800003,54.47303,50.508183,66.806114,54.256451,77.650002,94.360802,106.23143,39.459999,11.608602,55.566113,45.621235,11.049843,155.304718,77.070473,14.093167,88.995186,41.221931,128.896042,77.540001,113.747025,289.929993,157.51416,91.25,56.227325,79.51506,37.360718,69.729805,209.826828
"80","2016-08-01",2170.949951,59.200726,111.566795,79.419998,55.22266,48.182232,66.961998,56.348495,76.510002,99.680565,95.80587,39.630001,11.680271,57.379951,48.312668,11.608418,165.719696,79.884697,15.697978,90.042908,37.199337,128.196396,64.629997,113.140541,305.630005,152.681915,97.449997,54.464474,75.350548,35.432423,68.267754,210.07811
"81","2016-09-01",2168.27002,64.843369,118.522736,71.330002,55.702232,47.859966,67.578278,51.470306,60.98,97.294853,92.191528,38.68,11.188956,57.232159,42.450081,11.094427,158.327164,81.803825,15.29224,85.791412,36.928585,130.255371,66.07,113.874191,313.029999,144.044113,98.550003,52.622719,72.994949,38.156837,69.389328,209.034378
"82","2016-10-01",2126.149902,65.051628,112.769775,75.160004,57.945789,44.287506,68.223434,49.1922,57.25,94.855064,98.806938,31.1,10.883043,57.712475,44.108589,12.743074,174.987518,81.615891,16.12281,81.077179,37.605465,118.771065,58.619999,113.202454,280.179993,139.661667,124.870003,51.582706,71.989532,40.493164,67.368835,206.448029
"83","2016-11-01",2198.810059,64.493118,117.069809,72,58.274593,46.468349,71.189262,49.084366,56.990002,101.149734,93.194443,30.799999,11.225112,60.668041,50.733021,11.8783,215.288437,76.482124,20.637196,74.49276,38.872196,134.673187,63.349998,111.54393,294.070007,141.777344,117,56.345383,76.469963,46.707226,67.763321,214.053223
"84","2016-12-01",2238.830078,62.202274,114.815262,68.459999,60.498604,49.709026,70.778938,50.701889,64.989998,87.332405,100.371719,29.049999,11.384667,63.372913,53.272697,12.329499,235.809235,77.336945,22.645866,76.449791,39.104267,133.323837,64.199997,117.579414,287.769989,151.687653,123.800003,54.214012,76.438393,47.905777,66.502914,217.112808
"85","2017-01-01",2278.870117,50.973427,111.61969,79.099998,62.94231,45.639553,73.271767,52.045761,67.510002,85.982079,102.351395,21.49,11.600533,67.266457,54.452026,12.368733,225.833252,81.985901,22.204523,76.352898,39.433037,146.147476,63.75,121.658005,277.23999,155.325638,140.710007,53.921078,73.39183,46.006687,64.672607,222.300552
"86","2017-02-01",2363.639893,53.883198,120.07914,81.349998,62.290009,46.710609,74.791153,56.236969,65.260002,77.133995,105.14624,20.620001,11.901663,68.820641,55.950352,12.466821,244.28833,87.170113,24.205284,78.539711,41.705418,148.826141,69.410004,126.611778,288.600006,167.859711,142.130005,55.532265,76.849823,48.626453,68.732811,231.035095
"87","2017-03-01",2362.719971,55.215092,117.51091,82.489998,64.509079,45.882374,78.6371,54.830059,51.869999,79.360596,106.627068,19.780001,11.056293,69.047935,54.169788,13.898887,226.818497,88.259651,23.136251,76.512383,43.755394,146.417358,67.970001,129.654938,273.420013,159.296844,147.809998,57.27343,77.735275,44.937801,69.847191,230.321869
"88","2017-04-01",2384.199951,51.748501,118.902855,86.120003,67.05574,43.209431,77.290039,54.685085,52,78.969093,105.60228,21.49,10.894817,64.852592,52.398518,15.095545,220.973251,90.593506,22.960836,80.352623,45.737682,156.333633,69.010002,134.73494,271.209991,168.634842,152.199997,58.911495,77.302757,44.429367,73.386833,233.62001
"89","2017-05-01",2411.800049,55.147682,123.276024,89.639999,68.407433,44.419792,81.020477,52.296749,48.27,66.329346,112.502533,19.16,10.704718,66.250519,49.770802,15.821385,208.591644,94.575966,22.045944,75.366234,47.952045,161.192505,66.260002,141.245926,247.770004,171.399185,163.070007,62.393612,73.931084,48.037296,76.725258,236.917099
"90","2017-06-01",2423.409912,53.697308,122.493607,86.599998,67.903107,42.534046,75.559532,58.228119,59.669998,72.199196,105.369652,21.76,10.772105,69.529488,54.304844,15.615404,219.834839,93.301186,23.944275,78.927078,47.91,167.351074,64.760002,137.116058,271.359985,158.524414,149.410004,57.430565,71.226318,52.760563,74.369286,237.27034
"91","2017-07-01",2470.300049,51.723282,127.584305,90.800003,71.616936,46.096016,79.930252,58.476101,61.639999,74.520325,103.348022,20.02,10.800985,71.485367,52.864159,17.524714,223.232925,99.051674,23.806099,78.407173,47.360001,173.519638,64.779999,145.780136,289.589996,157.116898,181.660004,53.165871,69.39064,48.460388,78.60463,243.328094
"92","2017-08-01",2471.649902,50.828651,129.505676,95.489998,73.656097,46.285133,81.840424,52.296749,57.549999,86.577545,102.965286,16.15,10.754442,71.832962,50.051403,18.51593,221.65773,102.991463,23.579088,76.359863,48.84,182.017654,58.560001,140.101532,316.559998,155.362473,174.710007,54.032597,71.35463,46.329933,76.71788,244.038071
"93","2017-09-01",2519.360107,50.96888,133.774353,93.419998,73.771233,47.751743,88.579758,51.522522,62.25,86.971565,107.792305,16.48,11.670959,75.024033,54.44265,17.594097,235.785095,104.871277,25.138147,80.289429,49.790001,186.89653,59.389999,140.745728,313.119995,163.36676,181.350006,53.138744,73.089081,47.646915,77.269669,247.725891
"94","2017-10-01",2575.26001,50.152828,140.994415,102.339996,82.377388,46.188641,95.546371,54.642693,61.509998,88.591133,104.840042,12.52,11.963464,75.79998,55.419949,16.969631,241.043762,109.594681,27.171818,67.661514,47.279999,197.174133,60.740002,153.944534,311.660004,160.174805,196.429993,54.256729,69.193245,49.435406,86.337524,254.821686
"95","2017-11-01",2584.840088,65.22522,148.009995,107.029999,83.357826,49.691639,96.754539,60.038391,66.959999,94.257484,109.530098,13.29,12.358798,76.814018,55.745716,17.1,246.173187,112.195526,27.945606,76.126869,45.639999,211.680756,61.060001,155.06778,322.170013,183.393585,195.509995,57.205032,74.893265,52.291054,96.147041,262.610535
"96","2017-12-01",2673.610107,63.475185,153.089996,102.230003,85.14006,51.683605,103.865189,62.154942,78.589996,102.717377,112.749329,14.43,12.329185,80.100441,60.310295,17.15,254.04686,113.821838,29.409645,72.052193,43,203.042755,72.25,153.914719,318.570007,185.623276,191.960007,57.120182,76.143738,55.678703,97.650108,264.443756
"97","2018-01-01",2823.810059,67.669189,160.699997,113.910004,94.565781,52.796757,109.066399,68.014267,78.209999,113.788467,109.590637,13.86,10.828755,84.044144,65.389999,18.700001,267.140137,124.014099,31.880373,78.203964,43.93,208.301544,78.040001,163.892685,347.809998,194.34993,270.299988,56.503529,79.98777,56.444286,105.968224,280.775452
"98","2018-02-01",2713.830078,64.446854,161.009995,116.25,93.331573,47.14677,108.349998,66.827858,81.099998,105.357109,97.601524,16.58,10.61,78.889999,58.063694,18.360001,262.194,122.726341,31.979998,67.730003,39.25,195.844437,72.019997,161.679276,288.98999,190.390518,291.380005,56.791962,82.338013,53.590755,89.476547,270.566345
"99","2018-03-01",2640.870117,55.41,153.5,116.300003,91.269997,47.225777,103.889999,66.239639,89.120003,111.289925,98.959999,16.35,11.08,77.290001,52.41,19.09,251.860001,119.620003,29.877888,62.209999,40.080002,167.700989,65.940002,160.442947,273.820007,188.429993,295.350006,57.889999,81.559998,54.810001,88.442711,262.10025
